email,password,username,phone,balance
Chesley_Emard@yahoo.com,o5MEw4hqvwOmjzM,Micah15,4238020995,21060
Nola.Skiles71@gmail.com,zfOSN3gjY3b9B24,Brent_Huels,16063317559880,86529
Callie.Donnelly@gmail.com,U4xILvoa66ZHe5z,Keith.Treutel,50283951305677,17216
Piper_Tremblay@gmail.com,hLtOrvIGRryEesj,Sienna28,17972636933493,73474
Theresia58@hotmail.com,Y8h7nacB7sSNtHC,Merritt9,317467114619939,91646
Vivienne_Wilderman@yahoo.com,fChxNbJtwAhEiN5,Katelynn_Schroeder,3614960623453,35470
Hettie_Wuckert92@gmail.com,3NvBZTNXkOSFXMT,Toby75,18474340238,51902
Rosanna_Leffler73@yahoo.com,gFAzoKRLG8DkDgF,Kristina_Jacobs42,2362604489042,41687
Ephraim_Skiles23@gmail.com,rPfB01DEyQR1xWv,Hilario.Tremblay,6412003205008,88811
Dock57@yahoo.com,lBpGALM1g4IjDEd,Lizeth26,1916310165180322,61992
Toby_Oberbrunner71@yahoo.com,dv0KT1H8R2wgrVa,Tabitha.Sanford,2929286379604,23266
Jesus.Swift80@yahoo.com,OBl7A83unMlRuUb,Cortez91,523417369899296,99735
Rosalee.Feil77@gmail.com,ul048wa0BYOTQ1c,Christelle.Schmitt,397484766907738,79763
Kody_Mohr20@yahoo.com,j4YrtwJdIibFTMy,Jennie.Ryan,8208107332,38262
Luigi_Von@hotmail.com,CYXEQFpGCO_rOnX,Woodrow.Konopelski37,931242505762025,53552
Theresia_Rolfson53@hotmail.com,6ugHGq4r4KSNAzr,Giuseppe_Maggio-Turner,16458767235266,72297
Vallie.Funk69@gmail.com,F4qIau3ipVsTf9R,Rebeca_Swift49,1999514229886322,22613
Brandt_Dicki41@gmail.com,9FWAqxOJA0oqt2j,Ivory82,73398648078677,86637
Hans45@yahoo.com,dVhZNoYsZV9SLGK,Felton.Yost74,58558744406053,73717
Crawford95@hotmail.com,EgW1ouOWVQ8KGQm,Melany_Johns12,135631974917701,82198
Niko.Schumm9@yahoo.com,FMCLF4n0JciJtO5,Donnie.Wintheiser20,1924591108038904,80978
Holden.Anderson-Witting@hotmail.com,QbtorcRzSkgRxup,Deon91,14553303726,15027
Raul_Raynor@hotmail.com,mzJcd3xHuVkxYOl,Wilfredo.Toy,40773492510503,86102
Arnold21@hotmail.com,dl81Spv3IsRnWVG,Marty.Bailey,2152151556,62656
Kaylin.Hayes@gmail.com,zxRqUPc7mugDYi_,Albina64,23048031663299,20702
Ricky.Bartoletti78@hotmail.com,9Kw6VMGFRi0Xx4A,Candelario_Johnson-Hackett,138958327402410,70065
Trace.Abbott82@gmail.com,XBPshXijHXrHhIL,Alf.Abshire,6338248413,34005
Paul27@yahoo.com,O94HMyLy6D_g7QT,Edgar.Klein-Kemmer,8406038174049,46563
Cassandra_Luettgen@gmail.com,iXSKTnDkZhmqkm4,David.Graham,133278154186662,51094
Lela.Muller@gmail.com,YdQQ0zE67aivsKq,Adrien.Stokes27,12294189634,82014
Maci95@hotmail.com,g7QU3FOZBspgt7N,Nicholas_Turcotte85,9185370641980,93385
Sincere.Schowalter85@gmail.com,NIbVodPWt4UphQr,Sage54,2218397479,97403
Darlene_Lind-Pfeffer99@gmail.com,JpgrBua3BCf_p_i,Neil9,6377378568769,19784
Dax_Considine@gmail.com,NdXd6sFoYKY22R1,Quinton.Schmitt-Rosenbaum36,8098224022,73373
Maximilian.Erdman34@yahoo.com,lTtjfJqQESBpXLE,Monserrat.Fahey38,2966149824331,53539
Gregory42@gmail.com,jB5dtyUdsE57AKg,Keanu.Boyle88,12189689625,31447
Alize_Cartwright27@hotmail.com,82OhB5t6uP4Srhv,Estelle_Legros5,4472585394012,48419
Eliseo.Dickinson40@yahoo.com,0xVhcuikQR6lmGx,Letha.Hagenes99,12746482171,54813
Dylan15@gmail.com,yAGnn5CYdqZwxib,Rico.Kuhn,88373386042154,59347
Henderson_Ledner-Johnston4@hotmail.com,ZS01CLpEZwTQvFc,Alvah.Shields,12816783391329,61372
Cora_Kerluke@yahoo.com,oJm8xCfmoeZWbnl,Loyce_Sporer,6783113031627,20959
Oral.Jaskolski53@hotmail.com,LH9h6TRWVYB4gPK,Trever_Harber,5258315809261,70303
Jaunita_Anderson@yahoo.com,zfQMI0Z5ybsoW9G,Madelyn_Pagac86,19633991975,80505
Lupe.Simonis@hotmail.com,m78OGnbTvTdCgJw,Alexane.Padberg,4849877287,25210
Natalie_Kerluke@yahoo.com,xSuLDrny7O3IIKn,Zack44,903540588706632,78774
Savion29@yahoo.com,Kj1dctJz4ndbDsJ,Mateo80,409298627150486,65481
Robyn_Kshlerin11@yahoo.com,dcUfTCxB1Z2zKyZ,Bridgette_Brakus,155395277593034,36292
Sidney65@gmail.com,nrRCQqpOoNh5f7n,Yasmin.Nolan16,2223127506,52094
Mariela59@hotmail.com,CTNNbsoGMtKqTAR,Royce.Herman43,17086698235,90861
Guiseppe_Walker6@yahoo.com,regXaoU8BKG_t2B,Zoie.Wilkinson,834767421323555,43532
Jesus8@gmail.com,7QoVOFXBPHeXCVp,Robin_Braun,2199927357523,39345
Damian59@yahoo.com,kCOmT5NkqFDD2Gf,Ernestine_Jaskolski81,966762481265378,21728
Yesenia17@yahoo.com,5PI0eh__hnRcMB0,Khalil91,4812912159,22411
Salvatore54@hotmail.com,7XzOqgU2ifHQXhG,Major17,5718684788,55607
Jailyn.McLaughlin@gmail.com,Nj7TGEocpHx4Chs,Cristal82,8335480823,38192
Katlyn4@hotmail.com,OWl5zs4GXI3Ank7,Lila18,5692878941704,94366
Ward92@gmail.com,vj6jHnY1HLBjs09,Clarabelle_Beier,786293612511397,75607
Billie99@yahoo.com,TFuLNG4k8dUs9bO,Amara_Larson,849688394090156,41138
Tracey.Lehner49@yahoo.com,D2iPaYIrmlH1NqL,Rashawn40,17705781387621,89954
Taylor78@gmail.com,sj2PCOqEI_JbaZQ,Tom.Oberbrunner,5119733494,23899
Daniella_Olson@hotmail.com,pxaHw44TS5RMEzS,Jean.Nader,18844798919,85986
Mylene_Schmidt@gmail.com,loLdQSnlh5qzife,Roma_Wilkinson,707310677471067,22511
Dena_OKon@hotmail.com,l4Tbg_Los7DkzgF,Aubrey39,132624409001651,67271
Jewell.Turcotte10@gmail.com,ltTabL8bP3zHV74,Napoleon.Tromp,26099019726674,76720
Cindy.Buckridge26@gmail.com,_4Y_Lv2R1iTDZwo,Selmer.Lesch,19838650557156,14810
Eliezer.Heller@gmail.com,t2t7bIeNc5igCT2,Rusty_Armstrong,30292538052936,13530
Bobbie_Keebler@hotmail.com,VHoexk2_MQkARtK,Jayne71,68194686989685,88671
Cleve.Weber@gmail.com,xEi0OTbTPSAwNDj,Duane_Hermiston,35231689313624,74977
Katrine41@gmail.com,bimdZht7va_2zcg,Lucio_Sporer98,13738052288,93065
Chauncey_Bauch-Hyatt45@gmail.com,iS_ItAW6BYfMCda,Cindy86,70780876385926,43564
Sibyl.Borer47@yahoo.com,SCJNq1a14RxOx6u,Ernestina26,13003306887,14686
Kurtis.Hilll@hotmail.com,K3AkqGRmyqPYOEm,Elvera_Moore,61129659236759,65619
Demarco_Osinski37@hotmail.com,C__jMB2sfQafdUJ,Amara.OKon5,3144830733,54427
Jarret.Koss@yahoo.com,IMSBp3b4Ij42dCU,Justice.Wiegand,8268642494547,30765
Kobe_Kozey37@hotmail.com,1wXlFBs9xPw7v5e,Jedidiah.Toy-Ferry,750462659774380,59694
Osborne_Reichel@hotmail.com,kuod6gzx9R_KQ5k,Tony.Little,4237079996160,33859
Dusty.Kunze@gmail.com,xlMGRowAADDfAcq,Jovany.Rohan20,720302564484160,46885
Naomi58@gmail.com,l9SZyvWjK6W3J84,Sibyl5,173950197130516,16009
Zoila1@hotmail.com,XSCpWgkxKrqcndJ,Layla19,856446258543674,74589
Waino46@gmail.com,9FCeGwoDNbEAxIT,Violette_Franecki3,67322692515414,16378
Lori80@gmail.com,dLCzKiEYBKR_Cnc,Joana.Crist36,35984258435711,84236
Earlene_Mayer54@hotmail.com,nyfy9Wer3NLtjv8,Amir6,9793631609,88200
Jaycee.Stracke-Mayert90@hotmail.com,WFaV0HbxjTURk7z,Dewayne_Schuster,54551369845138,51890
Mason_Osinski@gmail.com,oai2IpXIxwOcN4I,Brycen.Larson59,798400618282053,65249
Hugh.Kilback9@hotmail.com,9vud_sESp8lcX2c,Helmer89,467434497255569,49171
Humberto.Gutmann@yahoo.com,BxzTAzdwGa9IZyw,Jedediah.Cremin-Lockman,54661666326036,93815
Solon27@yahoo.com,x59SVQx8gPQio9f,Autumn77,73126490044687,13673
Noemie.Langosh@yahoo.com,R01XvjQlIXh7jkK,Hunter_Wolf48,6068082287711,47457
Odie_McDermott19@gmail.com,mwnjKnVQFrxTGyI,Mia.Schuppe51,66928569059554,12016
Alphonso.Kovacek26@gmail.com,CFeHsBrWqrjzQGS,Claire.Ullrich29,8124972282122,70709
Kellie50@gmail.com,cX0yh1lYIvedMEt,Beulah.Fahey,15547112542,34025
Alysson.Schinner@yahoo.com,DunH9FnUmbat6bJ,Freida.Heaney96,12858631534967,10468
Hobart.Ratke@gmail.com,hD4rnLJg9PQrAst,Brittany94,31464799069776,76723
Leonie_Toy12@gmail.com,N7NpL77TIt6AnMQ,Kaya64,997687671197075,60375
Stefanie.Goodwin90@gmail.com,8KMrrZJeVqiA4Xx,Reece_Weissnat,304450289975342,66967
Israel_Ebert@hotmail.com,HMEavBr4H7uhI46,Alana_King,22782083802627,91141
Joey_Cormier23@yahoo.com,2gb0dkHAqkP9iFh,Trinity.Schiller,7166239637347,48634
Luciano.Konopelski-Pacocha43@hotmail.com,k63ST43wyfSLmXZ,Darron_Jakubowski53,19964505645473,84320
Madilyn.Prosacco8@hotmail.com,7SLDcXHa2UramMD,Estell.McCullough73,3879607205,29762
Triston.Stokes69@gmail.com,Vdk9axeGDPLY1E6,Jaycee15,3142031909736,41681
